"Trial","Time","Accumulated Time"
0,0.0,0.0
1,7.441355846007355,7.441355846007355
2,7.220141784986481,14.661497630993836
3,7.678682048019255,22.34017967901309
4,7.157290935021592,29.497470614034683
5,6.747911056008888,36.24538167004357
6,6.8260901529865805,43.07147182303015
7,7.895259154000087,50.96673097703024
8,7.120853583008284,58.08758456003852
9,8.433048459992278,66.5206330200308
10,6.690185498009669,73.21081851804047
